{"_id":1,"Title":"Silence of the Lambs","Description":"A young FBI cadet must receive the help of an incarcerated and manipulative cannibal killer to help catch another serial killer.","DirectorID":1,"GenreID":1,"ImageURL":"silenceofthelambs.png","Feature":true}
{"_id":3,"Title":"Avatarr","Description":"A paraplegic Marine dispatched to the moon Pandora on a unique mission becomes torn between following his orders and protecting the world he feels is his home.","DirectorID":3,"GenreID":5,"ImageURL":"https://www.imdb.com/title/tt0499549/mediaviewer/rm371527425/?ref_=tt_ov_i","Feature":true}
{"_id":4,"Title":"Titanic","Description":"A seventeen-year-old aristocrat falls in love with a kind but poor artist aboard the luxurious, ill-fated R.M.S. Titanic.","DirectorID":3,"GenreID":6,"ImageURL":"https://www.imdb.com/title/tt0120338/mediaviewer/rm2647458304/?ref_=tt_ov_i","Feature":true}
{"_id":6,"Title":"Forrest Gump","Description":"The presidencies of Kennedy and Johnson, the Vietnam War, the Watergate scandal and other historical events unfold from the perspective of an Alabama man with an IQ of 75, whose only desire is to be reunited with his childhood sweetheart.","DirectorID":5,"GenreID":6,"ImageURL":"https://www.imdb.com/title/tt0109830/mediaviewer/rm1954748672/?ref_=tt_ov_i","Feature":true}
{"_id":7,"Title":"Pinocchio","Description":"A puppet is brought to life by a fairy, who assigns him to lead a virtuous life in order to become a real boy.","DirectorID":5,"GenreID":5,"ImageURL":"https://www.imdb.com/title/tt4593060/mediaviewer/rm3137408769/?ref_=tt_ov_i","Feature":true}
{"_id":8,"Title":"Inside Out","Description":"After young Riley is uprooted from her Midwest life and moved to San Francisco, her emotions - Joy, Fear, Anger, Disgust and Sadness - conflict on how best to navigate a new city, house, and school.","DirectorID":6,"GenreID":2,"ImageURL":"https://www.imdb.com/title/tt2096673/mediaviewer/rm3662344960/?ref_=tt_ov_i","Feature":true}
{"_id":9,"Title":"Up","Description":"78-year-old Carl Fredricksen travels to Paradise Falls in his house equipped with balloons, inadvertently taking a young stowaway.","DirectorID":6,"GenreID":2,"ImageURL":"https://www.imdb.com/title/tt1049413/mediaviewer/rm2582959360/?ref_=tt_ov_i","Feature":true}
{"_id":10,"Title":"Top Gun: Maverick","Description":"After thirty years, Maverick is still pushing the envelope as a top naval aviator, but must confront ghosts of his past when he leads TOP GUN's elite graduates on a mission that demands the ultimate sacrifice from those chosen to fly it. -- Updated","DirectorID":7,"GenreID":4,"ImageURL":"https://www.imdb.com/title/tt1745960/mediaviewer/rm3294367489/?ref_=tt_ov_i","Feature":true}
{"_id":2,"Title":"Black Panther: Wakanda Forever","Description":"The people of Wakanda fight to protect their home from intervening world powers as they mourn the death of King T'Challa.","DirectorID":2,"GenreID":4,"ImageURL":"https://www.imdb.com/title/tt1825683/mediaviewer/rm966220288/?ref_=tt_ov_i","Feature":true}
{"_id":5,"Title":"Knives Out","Description":"A seventeen-year-old aristocrat falls in love with a kind but poor artist aboard the luxurious, ill-fated R.M.S. Titanic. -- Updated","DirectorID":4,"GenreID":6,"ImageURL":"https://www.imdb.com/title/tt8946378/mediaviewer/rm1542171905/?ref_=tt_ov_i","Feature":true}
