{"_id":1,"Name":"Thriller","Description":"Thriller film, also known as suspense film or suspense thriller, is a broad film genre that involves excitement and suspense in the audience."}
{"_id":2,"Name":"Animation","Descripntion":"Animation is a method in which pictures are manipulated to appear as moving images. In traditional animation, images are drawn or painted by hand on transparent celluloid sheets to be photographed and exhibited on film."}
{"_id":3,"Name":"Comedy","Description":"Comedy is a genre of film in which the main emphasis is on humor. These films are designed to make the audience laugh through amusement and most often work by exaggerating characteristics for humorous effect."}
{"_id":4,"Name":"Action","Description":"Action film is a film genre in which the protagonist is thrust into a series of events that typically involve violence and physical feats. The genre tends to feature a mostly resourceful hero struggling against incredible odds, which include life-threatening situations, a dangerous villain, or a pursuit which usually concludes in victory for the hero."}
{"_id":5,"Name":"Fantasy","Description":"Fantasy films are films that belong to the fantasy genre with fantastic themes, usually magic, supernatural events, mythology, folklore, or exotic fantasy worlds"}
{"_id":6,"Name":"Drama","Description":"drama is a category or genre of narrative fiction (or semi-fiction) intended to be more serious than humorous in tone."}
